{"R": 174.4297496087637, "G": 167.82026604068858, "B": 160.56098591549295}